{
    "control_key": "prop",
    
    "addresses": {
        "TLM_SERVER_ADDR_IP": "",
        "TLM_SERVER_ADDR_PORT": 31000,
        "CMD_RECEIVER_ADDR_IP": "",
        "CMD_RECEIVER_ADDR_PORT": 31002,
        "GC_ADDR_IP": "10.0.0.100",
        "GC_ADDR_PORT": 31000
      }, 

    "command_config": {
        "p": {
            "pc_state": "h",
            "pc_soft_armed": "?",
            "pc_fire": "?",
            "pc_redlines_armed": "?",
            "pc_pulse": "i",
            "pc_pdelay": "i"
        },
        "f": {
            "fc_state": "h",
            "fc_soft_armed": "?",
            "fc_redlines_armed": "?",
            "fc_pulse": "i",
            "fc_pdelay": "i"
        }
    }, 

    "prohibited_states": {
        "prop": {
            "mutual_exclusions": [
                ["igniter", "injector"]
            ],
            "mutual_inclusions": [
                ["igniter", "injector"]
            ]
        },
        "fill": {
            "mutual_exclusions": [
                ["BV-01", "BV-02"],
                ["BV-01", "BV-03"],
                ["BV-01", "BV-04"],
                ["BV-02", "BV-03"],
                ["BV-02", "BV-04"],
                ["BV-03", "BV-04"]
            ],
            "mutual_inclusions": [
                ["BV-05", "BV-01"],
                ["BV-05", "BV-02"],
                ["BV-07", "BV-03"],
                ["BV-07", "BV-04"]
            ]
        }
    }, 

    "pt_scales": {
        "prop_pt_scale": {
            "max_p" : [0, 0, 0, 0, 0, 0, 0, 0],
            "max_v" : 5,
            "min_v" : 0.5
        },
        "fill_pt_scale": {
            "max_p" : [1000, 1000, 1000, 1000, 1000, 1000, 1000, 5000],
            "max_v" : 4.5,
            "min_v" : 0.5
        }
    },

    "relay_maps": {
        "fill": {
          "BV-01": 0,
          "BV-02": 1,
          "BV-03": 2,
          "BV-04": 3,
          "BV-05": 4,
          "BV-06": 5,
          "BV-07": 6,
          "BV-08": 7,
          "BV-09": 8,
          "BV-10": 9
        },
        "prop": {
            "igniter":0,
            "injector":1,
            "SV-02":2,
            "power":4
        }
    },
    
    "sensor_map": {
        "fc_adc1_c1" : 1.1,
        "fc_adc1_c2" : 1.2,
        "fc_adc1_c3" : 1.3,
        "fc_adc1_c4" : 1.4,
        "fc_adc2_c1" : 2.1,
        "fc_adc2_c2" : 2.2,
        "fc_adc2_c3" : 2.3,
        "fc_adc2_c4" : 2.4
    }, 

    "telemetry_config": {
        "p": {
          "pc_timestamp": "f",
          "pc_cpu_temp": "f",
          "pc_hard_armed": "?",
          "pc_soft_armed": "?",
          "pc_redlines_armed": "?",
          "pc_state": "h",
          "pc_scr_tag": "h",
          "adc_channels": {
            "pc_adc1_c1": "f",
            "pc_adc1_c2": "f",
            "pc_adc1_c3": "f",
            "pc_adc1_c4": "f",
            "pc_adc2_c1": "f",
            "pc_adc2_c2": "f",
            "pc_adc2_c3": "f",
            "pc_adc2_c4": "f"
          }
        },
        "f": {
          "fc_timestamp": "f",
          "fc_cpu_temp": "f",
          "fc_hard_armed": "?",
          "fc_soft_armed": "?",
          "fc_redlines_armed": "?",
          "fc_state": "h",
          "fc_scr_tag": "h",
          "adc_channels": {
            "fc_adc1_c1": "f",
            "fc_adc1_c2": "f",
            "fc_adc1_c3": "f",
            "fc_adc1_c4": "f",
            "fc_adc2_c1": "f",
            "fc_adc2_c2": "f",
            "fc_adc2_c3": "f",
            "fc_adc2_c4": "f"
          }
        }
    }     
}